roll_no,id_no,student_name,password
A1,TU4F2526001,"KARMAT SHIVANI VAIBHAV",Tu4@f2526001
A2,TU4F2526002,"DHABALE GARGI DILIP",Tu4@f2526002
A3,TU4F2526003,"SHAIKH AYESHA QAISER",Tu4@f2526003
A4,TU4F2526004,"MORE ARYA NIHAL",Tu4@f2526004
A5,TU4F2526005,"JADHAV TATHAGAT MAHENDRA",Tu4@f2526005
A6,TU4F2526006,"GUPTA HARSH AKHILESH",Tu4@f2526006
A7,TU4F2526007,"DHAMALE PURVA RAJENDRA",Tu4@f2526007
A8,TU4F2526008,"BAIRU AKHIL PULLAIAH",Tu4@f2526008
A9,TU4F2526009,"SHIMPI NIHAR NITIN",Tu4@f2526009
A10,TU4F2526010,"RATHOD UTKARSH SUNIL",Tu4@f2526010
A11,TU4F2526011,"NARULE ADITYA SIDDHARTH",Tu4@f2526011
A12,TU4F2526012,"DHOKRE SHARVARI SANDEEP",Tu4@f2526012
A13,TU4F2526013,"NAKADE UMAIR ASLAM",Tu4@f2526013
A14,TU4F2526014,"BAGUL KAVERI SANTOSH",Tu4@f2526014
A15,TU4F2526015,"PATIL SANIYA SUNIL",Tu4@f2526015
A16,TU4F2526016,"SURYAVANSHI SHRADDHA BHAUSAHEB",Tu4@f2526016
A17,TU4F2526017,"KADAM DNYNESHWARI DHANAJI",Tu4@f2526017
A18,TU4F2526018,"JADHAV NEEL RAVINDRA",Tu4@f2526018
A19,TU4F2526019,"MALI SAKSHI TUSHAR",Tu4@f2526019
A20,TU4F2526020,"CHAUDHARI LOKESH DHARMENDRA",Tu4@f2526020
A21,TU4F2526021,"SUTAR SAKSHI SHAHAJI",Tu4@f2526021
A22,TU4F2526023,"MUNGRUSKAR MILHAN ZAHEER AHMED",Tu4@f2526023
A23,TU4F2526022,"GOUD ABHISHEKKUMAR ANILKUMAR",Tu4@f2526022
A24,TU4F2526024,"BUGADE YASH RAJESH",Tu4@f2526024
A25,TU4F2526025,"DESHMANE UTKARSH ANNA",Tu4@f2526025
A26,TU4F2526026,"BHAT TANISH TUSHAR",Tu4@f2526026
A27,TU4F2526027,"PATEL MAYUR HARISH",Tu4@f2526027
A28,TU4F2526028,"TANDA HARSHMANN SINGH KULVINDER SINGH",Tu4@f2526028
A29,TU4F2526030,"KAMBLE SANCHI MAROTI",Tu4@f2526030
A30,TU4F2526031,"PAWAR JANAVI DHONDIBA",Tu4@f2526031
A31,TU4F2526032,"MHATRE PARAS JITENDRA",Tu4@f2526032
A32,TU4F2526033,"BHARDE VEDANT MANOJ",Tu4@f2526033
A33,TU4F2526034,"MOHITE TEJASWI DHONDIRAM",Tu4@f2526034
A34,TU4F2526035,"CHOUDHARI SIDDHESH DATTATRAY",Tu4@f2526035
A35,TU4F2526038,"SUSLADE MANISH SAHEBRAO",Tu4@f2526038
A36,TU4F2526039,"MISAL SUMEET RAMESH",Tu4@f2526039
A37,TU4F2526040,"DESAI HARSHAD YUVARAJ",Tu4@f2526040
A38,TU4F2526041,"MOHITE HARSH SATYAVAN",Tu4@f2526041
A39,TU4F2526044,"VISHWAKARMA VIHAAN VIJAY",Tu4@f2526044
A40,TU4F2526042,"MUNDE VEDANT KAINANATH",Tu4@f2526042
A41,TU4F2526046,"SHAIKH REHAN AMJAD",Tu4@f2526046
A42,TU4F2526051,"PATIL AYUSH SURYAKANT",Tu4@f2526051
A43,TU4F2526052,"RAUT JAGRUTI JYOTISH",Tu4@f2526052
A44,TU4F2526053,"PATIL PRANTIK DATTAPRASAD",Tu4@f2526053
A45,TU4F2526054,"MENDON SHREYAS SATISH",Tu4@f2526054
A46,TU4F2526055,"GAIKWAD GAURAV RAVINDRA",Tu4@f2526055
A47,TU4F2526060,"WAJAGE SANSKRUTI GANESH",Tu4@f2526060
A48,TU4F2526056,"KOKITKAR MADHURA PARSHURAM",Tu4@f2526056
A49,TU4F2526057,"DIVEKAR KANAK SANDEEP",Tu4@f2526057
A50,TU4F2526058,"SHRIKAR AKANKSHA JITENDRA",Tu4@f2526058
A51,TU4F2526059,"LOKHANDE ATHARV VIJAY",Tu4@f2526059
A52,TU4F2526066,"JADHAV SARVESH ANIL",Tu4@f2526066
A53,TU4F2526065,"KUNDE GAURAV SHIRISH",Tu4@f2526065
A54,TU4F2526064,"TARE VEDANT SHATRUGHNA",Tu4@f2526064
A55,TU4F2526061,"GHARGE PREM SAMBHAJI",Tu4@f2526061
A56,TU4F2526062,"SARODE BHAVESH SUBHASH",Tu4@f2526062
A57,TU4F2526063,"WOD AYUSH KATAK WOD",Tu4@f2526063
A58,TU4F2526067,"ANSARI ALISHA KHURSHID ALAM",Tu4@f2526067
A59,TU4F2526068,"PATIL SHREYAS RAVINDRA",Tu4@f2526068
A60,TU4F2526069,"SHEWALE RIDDHI KISHOR",Tu4@f2526069
A61,TU4F2526070,"KUMARI SACHI SARBJEET",Tu4@f2526070
A62,TU4F2526071,"BARAD VEDANG DINESH",Tu4@f2526071
A63,TU4F2526072,"SATAM TANVI PRAMOD",Tu4@f2526072
A64,TU4F2526073,"PATIL SHREY DATTARAM",Tu4@f2526073
A65,TU4F2526074,"NIWATE AREEN RAJENDRA",Tu4@f2526074
A66,TU4F2526075,"PAWAR AKSHATA KIRAN",Tu4@f2526075
A67,TU4F2526076,"KADAM SAHIL MANESH",Tu4@f2526076
A68,TU4F2425059,"SHARMA MANISH RAMBHARAT",Tu4@f2425059
A69,TU4F2425065,"ADLIKAR OM CHANDRAKANT",Tu4@f2425065
A70,TU4F2425031,"WAYKOLE MOHIT TUSHAR",Tu4@f2425031
A71,TU4F2425061,"SHINDE DIYA NITIN",Tu4@f2425061
A72,TU4F2425039,"LOKARE AMRUTA MANOJ",Tu4@f2425039
A73,TU4S2627001,"KHAN ABDULLAH DILFAROZ",Tu4@s2627001
A74,TU4S2627002,"KOLEKAR TANMAY BALIRAM",Tu4@s2627002
A75,TU4S2627003,"THOMBARE KUNAL PANDURANG",Tu4@s2627003
A76,TU4S2627004,"KHEDEKAR AYUSH ANANT",Tu4@s2627004
A77,TU4S2627005,"RAKSHE SEJAL SUKHDEV",Tu4@s2627005
A78,TU4S2627006,"CHAVAN RITESH CHANDRAKANT",Tu4@s2627006
A79,TU4S2627007,"SYKAM TEJASHREE THIRUPATHI",Tu4@s2627007
A80,TU4S2627008,"KHAIRE AASTHA AJINKYA",Tu4@s2627008
